date,shift,volunteerId,volunteerName,shiftReason
5/01/2021,3pm - 6pm,146,Bobita,Regular shift
5/01/2021,9pm - 12am,13,Shabana,Make up shift
5/01/2021,3pm - 6pm,210,Rajjak,Dropping by
5/01/2021,3pm - 6pm,22,Kabori,Dropping by
5/01/2021,9pm - 12am,345,Ilias,Make up shift
6/01/2021,9pm - 12am,22,Kabori,Regular shift
6/01/2021,9pm - 12am,146,Bobita,Dropping by
7/01/2021,3pm - 6pm,345,Ilias,Regular shift
7/01/2021,3pm - 6pm,13,Shabana,Regular shift
7/01/2021,3pm - 6pm,22,Kabori,Regular shift
7/01/2021,6pm - 9pm,345,Ilias,Regular shift
7/01/2021,6pm - 9pm,210,Rajjak,Make up shift
8/01/2021,12pm - 3am,13,Shabana,Regular shift
8/01/2021,12pm - 3am,22,Kabori,Make up shift
